1	control	http-503.toml	2026-04-29T03:08:09Z	2026-04-29T03:23:17Z	0
2	r1	http-head-405-get-200.toml	2026-04-29T03:31:17Z	2026-04-29T03:46:23Z	0
3	r1	http-head-200-get-503.toml	2026-04-29T03:54:23Z	2026-04-29T04:09:28Z	0
4	r1	http-head-timeout-get-200.toml	2026-04-29T04:17:28Z	2026-04-29T04:33:03Z	0
5	r1	http-head-200-get-timeout.toml	2026-04-29T04:41:03Z	2026-04-29T04:56:09Z	0
6	r1	http-head-200-get-redirect-loop.toml	2026-04-29T05:04:09Z	2026-04-29T05:19:14Z	0
7	r1	http-head-200-get-partial.toml	2026-04-29T05:27:14Z	2026-04-29T05:42:20Z	0
8	r2	http-head-200-get-503.toml	2026-04-29T05:50:20Z	2026-04-29T06:05:25Z	0
9	r2	http-head-200-get-timeout.toml	2026-04-29T06:13:25Z	2026-04-29T06:28:30Z	0
10	r2	http-head-405-get-200.toml	2026-04-29T06:36:30Z	2026-04-29T06:51:35Z	0
11	r2	http-head-200-get-partial.toml	2026-04-29T06:59:35Z	2026-04-29T07:14:40Z	0
12	r2	http-head-timeout-get-200.toml	2026-04-29T07:22:40Z	2026-04-29T07:37:45Z	0
13	r2	http-head-200-get-redirect-loop.toml	2026-04-29T07:45:45Z	2026-04-29T08:00:50Z	0
14	r3	http-head-200-get-redirect-loop.toml	2026-04-29T08:08:50Z	2026-04-29T08:23:56Z	0
15	r3	http-head-405-get-200.toml	2026-04-29T08:31:56Z	2026-04-29T08:47:01Z	0
16	r3	http-head-200-get-partial.toml	2026-04-29T08:55:01Z	2026-04-29T09:10:08Z	0
17	r3	http-head-200-get-503.toml	2026-04-29T09:18:08Z	2026-04-29T09:33:13Z	0
18	r3	http-head-200-get-timeout.toml	2026-04-29T09:41:13Z	2026-04-29T09:56:19Z	0
19	r3	http-head-timeout-get-200.toml	2026-04-29T10:04:19Z	2026-04-29T10:19:23Z	0
